{
  "pools": [
    {
      "rolls": 1,
      "entries": [
        {
          "type": "minecraft:item",
          "name": "minecraft:player_head",
          "functions": [
            {
              "function": "minecraft:set_name",
              "name": {
                "text": "Ruby Gem",
                "color": "#9b111e",
                "italic": false
              }
            },
            {
              "function": "set_components",
              "components": {
                "minecraft:profile": {
                  "properties": [
                    {
                      "name": "textures",
                      "value": "eyJ0ZXh0dXJlcyI6eyJTS0lOIjp7InVybCI6Imh0dHA6Ly90ZXh0dXJlcy5taW5lY3JhZnQubmV0L3RleHR1cmUvODk4NzgwY2RmYzg1NjMwNTQ2MGRjZWM3NDNlMWUyZjI3ODU2OGM0MTA2ZjJmODYyNzZlNmRlMGJmYTYxNDdhZiJ9fX0="
                    }
                  ]
                }
              }
            }
          ]
        }
      ]
    }
  ]
}
