{
    "pools": [
        {
            "rolls": {
                "min": 1,
                "max": 2
            },
            "entries": [
                {
                    "type": "minecraft:loot_table",
                    "weight": 1,
                    "value": "treasure_gems:gem/sapphire",
                    "functions": [
                        {
                            "function": "minecraft:set_count",
                            "count": {
                                "min": 1,
                                "max": 2
                            }
                        }
                    ]
                },
                {
                    "type": "minecraft:loot_table",
                    "weight": 1,
                    "value": "treasure_gems:gem/amber",
                    "functions": [
                        {
                            "function": "minecraft:set_count",
                            "count": {
                                "min": 1,
                                "max": 2
                            }
                        }
                    ]
                },
                {
                    "type": "minecraft:loot_table",
                    "weight": 1,
                    "value": "treasure_gems:gem/aquamarine",
                    "functions": [
                        {
                            "function": "minecraft:set_count",
                            "count": {
                                "min": 1,
                                "max": 2
                            }
                        }
                    ]
                },
                {
                    "type": "minecraft:loot_table",
                    "weight": 1,
                    "value": "treasure_gems:gem/ruby",
                    "functions": [
                        {
                            "function": "minecraft:set_count",
                            "count": {
                                "min": 1,
                                "max": 2
                            }
                        }
                    ]
                },
                {
                    "type": "minecraft:loot_table",
                    "weight": 1,
                    "value": "treasure_gems:gem/topaz",
                    "functions": [
                        {
                            "function": "minecraft:set_count",
                            "count": {
                                "min": 1,
                                "max": 2
                            }
                        }
                    ]
                },
                {
                    "type": "minecraft:empty",
                    "weight": 2
                }
            ]
        }
    ]
}